,A,B,C,D
2000-01-01,0.0507011657248,-0.6438550785,1.22277872426,1.29533980345
2000-01-02,-1.72254884422,-1.47099566493,1.094418959,0.40543047731
2000-01-03,-0.647546481993,-3.30955276352,1.31368718932,0.718399514556
2000-01-04,-1.06917640437,-2.12203629573,1.80017388748,0.659004773954
2000-01-05,-1.37256560434,-1.2243906313,1.9628792473,0.583354918677
2000-01-06,-1.8223499781,-0.530181853766,2.40968440389,0.599763539046
2000-01-07,-1.33550240765,-0.899858129561,0.978181376356,-0.462493534161
2000-01-08,-0.0387296337493,-0.821554877696,2.00825146422,-0.097295784497
2000-01-09,0.659269345228,-0.509070645365,1.13192166486,-0.703654234682
2000-01-10,1.26435139021,-1.36731537179,2.38266622987,-1.39255648747
2000-01-11,2.54050923648,-1.25502607641,3.18978771458,-0.920355654916
2000-01-12,3.63340674553,-2.15077904937,3.47924779548,-1.3566058375
2000-01-13,3.0095185816,-1.61794338386,3.26714543866,-0.579648492714
2000-01-14,3.96422606615,-1.53795479072,3.01531655507,0.144741143835
2000-01-15,3.77343823131,-0.28727130546,1.31248657532,-1.51034069022
2000-01-16,3.35888427094,-1.26284352122,1.8892833405,0.422400934865
2000-01-17,1.78459936489,-1.36385210914,1.44150898237,1.30968006965
2000-01-18,3.25752345026,-2.06011832818,1.78780870984,0.835773789476
2000-01-19,4.68144441942,-3.09196821741,2.7000759275,0.600090352004
2000-01-20,3.63190813895,-2.40985941478,3.65437952591,0.696463789125
2000-01-21,3.99251198869,-1.21987507537,3.4603957849,-0.639922065631
2000-01-22,2.7510453884,-2.63968649101,3.91373233636,0.153630982495
2000-01-23,3.54391879121,-3.43619432237,2.3312339581,-0.345832084723
2000-01-24,3.69756987298,-1.91638068207,1.76340562771,0.146333181318
2000-01-25,4.87658916872,-0.215536434843,1.90428617508,-0.844395307764
2000-01-26,3.58969933649,-0.199967752958,3.20044418968,0.395180530119
2000-01-27,5.27763759177,0.227376783406,3.26454706795,0.320433304081
2000-01-28,5.30169444947,0.53952053654,3.81114188387,0.499372781763
2000-01-29,5.33576133424,1.88476952663,3.94530665507,-0.425378799476
2000-01-30,4.53639367755,1.75709263363,2.11629661621,-0.0580861008909
2000-01-31,6.05066669062,1.55088239562,3.07666849934,-0.44773144302
2000-02-01,5.81866698282,1.92410927365,4.16245530193,-2.20290772415
2000-02-02,5.5684327627,1.76315951877,3.74075383999,-1.09359369543
2000-02-03,3.10679266959,2.87315338994,5.37002446463,-1.18548045962
2000-02-04,1.93809485959,2.85807766669,5.58095633736,-0.749437673432
2000-02-05,1.44849978349,2.13531802183,4.88712807676,-0.447237932985
2000-02-06,0.349464116673,1.84918641178,4.02932219799,-2.00158796509
2000-02-07,-0.059962953167,2.77144836667,3.83268261589,-3.16267486913
2000-02-08,0.323584898223,3.88420449005,3.61230710545,-2.62139706081
2000-02-09,-0.0818669237146,3.038677955,3.56776549637,-3.10383523364
2000-02-10,0.333417722003,2.78841881182,4.35589515639,-3.57721142753
2000-02-11,0.312814978503,3.60226680737,4.38882134283,-4.65607344773
2000-02-12,1.35656873866,3.23163799792,3.38495605223,-3.54065976016
2000-02-13,2.21463912811,3.58503268765,3.46843116015,-4.59809365916
2000-02-14,4.08449176402,3.28418273426,2.24209014147,-4.54247777544
2000-02-15,3.90929720635,5.13415965415,2.3774194455,-3.8468391477
2000-02-16,3.15811185904,4.4937239796,3.51885494455,-3.95295696627
2000-02-17,1.88356764177,3.24633227932,3.0215812195,-4.55365555032
2000-02-18,2.82175043143,3.57878007178,4.02325010266,-4.03855569668
2000-02-19,2.2177674813,2.83547424093,3.34991974338,-3.95018203037
2000-02-20,1.28205321711,0.593903541733,3.90665751501,-4.66792826422
2000-02-21,0.140990518755,-0.149498035828,4.55051787623,-5.2616973225
2000-02-22,0.622342168747,0.868845448424,4.18749489112,-3.92249713979
2000-02-23,-0.255668026684,-0.0226316132135,3.00300758932,-4.40583886974
2000-02-24,-1.83775468013,-1.44509506456,2.85955516571,-4.464427843
2000-02-25,-2.58334209797,-2.72691348204,1.52180634639,-5.3499889493
2000-02-26,-4.02568536941,-3.25426533608,1.66185695764,-4.37638146304
2000-02-27,-5.31555570503,-3.75682360927,1.80446791117,-2.98696557825
2000-02-28,-4.46553267523,-4.65318225209,2.61842300495,-3.9510463183
2000-02-29,-4.72649336306,-3.87998469783,1.3850499727,-4.83890553589
2000-03-01,-5.82862272027,-2.7915207125,1.96587834844,-3.94344801321
2000-03-02,-6.32445511181,-4.90042884133,2.7278747677,-3.00704794747
2000-03-03,-6.22106099091,-4.86057711213,2.43535049748,-3.39683752137
2000-03-04,-6.84401474673,-3.0523059743,1.45917122624,-2.90366542134
2000-03-05,-9.10468656149,-1.53894510452,1.2587461367,-1.807379524
2000-03-06,-8.79867674553,-3.91795437326,2.23832240917,-1.25025898219
2000-03-07,-9.36740833491,-2.23518148775,1.6216092823,-0.566562859479
2000-03-08,-7.44749947219,-1.32878641975,0.492654384261,-1.68143504545
2000-03-09,-7.3285727245,-1.8593642578,-0.149953445556,-2.69763978026
2000-03-10,-7.24560336773,-1.89546020759,-0.244764632975,-3.08027960004
2000-03-11,-6.60858839019,-1.82990046718,0.282279331364,-2.8163816135
2000-03-12,-8.09120344574,-1.40407701368,-0.700871056342,-3.02071410518
2000-03-13,-9.02669757368,-1.71199631105,-1.36736805229,-3.73243878289
2000-03-14,-10.9720473227,-2.4945751447,-1.40744756923,-2.60589911686
2000-03-15,-10.5213215133,-5.33823961074,0.020202240707,-3.40537830269
2000-03-16,-11.2175702706,-4.84171087439,-1.07533888609,-3.14855146312
2000-03-17,-11.2343226677,-5.00997918639,-0.917033127068,-4.34975235564
2000-03-18,-12.0924013221,-5.26370610375,-1.5872394524,-2.95055997
2000-03-19,-13.8335406649,-5.59285511801,-1.48878511337,-2.57090598928
2000-03-20,-14.4207934633,-5.81522785234,-0.0359476427749,-2.48441761533
2000-03-21,-13.5322318546,-5.22472219568,-1.87777195166,-2.59059895856
2000-03-22,-12.6807894198,-5.03379441436,-3.37475598257,-1.28127406325
2000-03-23,-12.8597548476,-5.83502102841,-2.96216803846,0.225708037716
2000-03-24,-11.5319157857,-6.25926185768,-4.22532211854,1.02053074889
2000-03-25,-11.8719146191,-6.78902047966,-2.9936291487,2.32709125721
2000-03-26,-11.9042434527,-7.27694040723,-4.11519295284,0.759964216545
2000-03-27,-11.4723859942,-7.58200338976,-4.95489466707,1.19832857979
2000-03-28,-10.6654413441,-8.07913151079,-4.3638671585,-0.189384928449
2000-03-29,-11.7028557583,-5.38701946133,-4.95946557777,-2.3562192387
2000-03-30,-11.5844055114,-5.9386217741,-5.18693893733,-2.27773727128
2000-03-31,-11.361133877,-5.57135068437,-2.83999495525,-4.15702972691
2000-04-01,-11.7166323259,-6.33633966327,-2.99038174779,-5.44617837975
2000-04-02,-13.4037267606,-7.11064463738,-3.33936561615,-5.44696828684
2000-04-03,-11.9954408187,-9.4066287496,-4.27144678454,-5.40464184782
2000-04-04,-12.7711965691,-9.20793056267,-4.0551267926,-5.30520837108
2000-04-05,-12.3518330927,-9.76631489869,-4.87430238409,-3.55744123258
2000-04-06,-12.5327070973,-11.257807933,-3.93313463547,-1.6668858044
2000-04-07,-13.381761532,-11.8740686368,-3.88378508587,-3.31948237868
2000-04-08,-11.5188364446,-11.2143629811,-4.5778137322,-3.48317391847
2000-04-09,-12.1119005579,-10.3610528137,-4.79632976768,-3.30567325502
2000-04-10,-11.4518039604,-11.2529033632,-4.64192258097,-5.87707169529
2000-04-11,-10.4181172941,-10.9290930361,-4.59462637774,-5.32789508597
2000-04-12,-11.7357303655,-10.5538220308,-4.92025306999,-5.35384410572
2000-04-13,-13.0674161346,-8.16564838322,-5.89003642474,-4.98974184047
2000-04-14,-12.8941711372,-8.75634845393,-5.30772928668,-4.6557017444
2000-04-15,-15.821829719,-8.04609596361,-4.10330781409,-4.46388246979
2000-04-16,-15.3996737774,-8.1706390801,-4.37194968337,-4.36433692518
2000-04-17,-15.2075959662,-6.09402975773,-4.03247478045,-3.93575913732
2000-04-18,-14.9322420655,-4.99580810731,-4.17051537287,-3.99643186866
2000-04-19,-13.9547638294,-6.6096708405,-3.34395651603,-5.00222691455
2000-04-20,-13.4740824145,-6.21998814118,-5.20470238272,-7.04941752615
2000-04-21,-13.4644669582,-6.79917735244,-6.50161153555,-8.1019870317
2000-04-22,-12.5830463467,-5.05978159111,-6.47065340165,-7.9865760355
2000-04-23,-13.138499895,-4.92713966177,-4.04484154374,-8.41011612524
2000-04-24,-11.8132040212,-5.20682185388,-4.70605655002,-8.80445774787
2000-04-25,-11.8251537485,-4.74409434736,-4.97655480906,-9.16087880319
2000-04-26,-12.9352905354,-2.67539265653,-5.19957582529,-11.3599548737
2000-04-27,-12.4064304493,-2.31560544304,-4.46288027543,-10.9295908827
2000-04-28,-11.4157423272,-2.81932170194,-5.17147550515,-10.8319846616
2000-04-29,-10.0974912264,-3.92179949223,-4.90438633179,-10.4954803626
2000-04-30,-10.9053479182,-3.66729522947,-4.39495488072,-10.3554850029
2000-05-01,-10.4706156554,-4.61209487148,-3.53646849547,-10.4994392001
2000-05-02,-10.6411664283,-4.27857160152,-3.29799340197,-12.153615197
2000-05-03,-11.014249994,-4.68129012716,-3.99371712846,-11.2118067456
2000-05-04,-11.5476369801,-3.72526636282,-4.57362892693,-9.90288892122
2000-05-05,-12.2965942848,-4.23183357663,-3.23906263658,-9.57834618521
2000-05-06,-13.9370907819,-4.48339258014,-4.27683989668,-8.54953454921
2000-05-07,-14.2356749675,-3.98434774913,-1.62724570592,-8.63642985803
2000-05-08,-13.9847820367,-4.83198408846,-1.29201045514,-8.61695190108
2000-05-09,-15.0653207115,-5.09684573947,-0.820185373445,-7.71110915928
2000-05-10,-16.4677909069,-6.42253283066,1.56174758023,-7.6646867313
2000-05-11,-17.3359701757,-6.01243076757,2.22392184284,-6.68855072747
2000-05-12,-16.9207256307,-5.38517592528,1.84139120038,-7.0404678685
2000-05-13,-17.3990377395,-5.85918476121,3.45480029706,-8.04366246119
2000-05-14,-18.3512449379,-7.00004179426,2.32671442635,-7.11395887408
2000-05-15,-17.9336417955,-6.14260023133,0.760349225007,-8.02422270398
2000-05-16,-18.3572413282,-7.32755693248,0.982587093198,-6.99036862954
2000-05-17,-18.3250532444,-7.79349110482,1.0351207921,-7.52602113232
2000-05-18,-20.844760181,-8.28084551758,1.90252045452,-6.65185483619
2000-05-19,-19.7065856068,-9.47588676825,2.24784787918,-6.72743783261
2000-05-20,-19.9000394998,-8.76375232621,3.91595895859,-6.76640430637
2000-05-21,-20.196103971,-8.37413910415,3.17526478087,-6.51246652235
2000-05-22,-20.0988329385,-7.74318178431,4.08505407701,-6.76219740003
2000-05-23,-19.9161022275,-8.01303034829,3.46848856108,-6.52574317905
2000-05-24,-20.3259402529,-7.95582635863,4.03333319961,-7.99467132084
2000-05-25,-17.8944138627,-6.64431128498,4.21649791997,-7.50394040155
2000-05-26,-17.7847860138,-5.25824805878,3.86752618334,-7.56825484903
2000-05-27,-17.6688012941,-4.94356899369,5.25172515463,-5.83339801035
2000-05-28,-17.9823102094,-6.30267721759,5.42662452914,-6.57681010429
2000-05-29,-17.8066104465,-6.70991691711,6.27338185603,-7.05700030638
2000-05-30,-19.0702935845,-7.27798627891,7.59156078613,-8.00106634839
2000-05-31,-19.9340714373,-6.58820521631,9.02387766913,-8.42986277335
2000-06-01,-19.9710512288,-8.30821730668,8.45616515872,-8.16414533098
2000-06-02,-21.2276144317,-7.7646588048,7.09711892231,-6.92705793535
2000-06-03,-22.2809513471,-8.06010861084,7.46718923019,-7.76337372828
2000-06-04,-20.5654056493,-9.47021427828,7.75136437832,-9.13451484834
2000-06-05,-21.0076070331,-10.774716223,7.20678473563,-8.80022779574
2000-06-06,-20.7849233326,-10.0652374752,7.15621974742,-8.51039395227
2000-06-07,-22.4198321375,-10.2914438423,7.70486721256,-6.74397861917
2000-06-08,-20.9081125465,-10.9251617288,6.29235737395,-5.39969681344
2000-06-09,-21.0547736591,-11.3853792281,5.79064810854,-5.62164993821
2000-06-10,-22.316779244,-9.90592046422,5.208215899,-5.52939469656
2000-06-11,-23.8998256042,-8.57409360232,5.01659049641,-7.00726075259
2000-06-12,-23.2805129649,-9.22742868441,5.80813049384,-8.05486598496
2000-06-13,-24.4374638939,-10.5815809045,6.89226365141,-9.23538556581
2000-06-14,-24.2237166491,-9.83420329844,9.71909758985,-9.02806654226
2000-06-15,-25.3098080542,-9.82835970846,9.10560229784,-9.33043610967
2000-06-16,-24.6344259273,-9.52736513937,9.12062434999,-10.4860763763
2000-06-17,-23.7802071602,-10.4901159828,9.57021296925,-10.6197463345
2000-06-18,-23.8718428555,-8.9444396132,11.2904949978,-11.4187963389
2000-06-19,-25.6418870152,-9.65558724874,9.62242469708,-13.2214437362
2000-06-20,-24.3717372167,-8.68699404569,8.80505001237,-15.034778242
2000-06-21,-25.3270552024,-8.24590233275,8.66102328329,-14.2971761182
2000-06-22,-26.6866636543,-8.89489519637,9.00275287339,-14.2463282394
2000-06-23,-26.10046501,-9.80448867835,10.9448742542,-13.6994971444
2000-06-24,-27.4392377835,-9.97288600913,11.0581660183,-14.5621632059
2000-06-25,-27.4468777037,-11.5754800144,13.0529692192,-15.0489506007
2000-06-26,-26.356429563,-11.2569030106,12.4469682431,-16.6838108178
2000-06-27,-24.9073195904,-9.35702599426,12.5024216687,-17.8452299668
2000-06-28,-24.9646322431,-9.99019873563,12.2973496518,-16.2264702324
2000-06-29,-26.7600569579,-10.5070141035,12.2160615112,-15.721140081
2000-06-30,-26.2471207373,-10.5880291032,13.0793291716,-15.5066969482
2000-07-01,-27.3301066127,-10.3314894067,13.6353168566,-16.3833861078
2000-07-02,-28.020875107,-10.1100092776,14.1021334674,-12.8620056723
2000-07-03,-28.1221266109,-9.21980848607,15.5791562156,-13.0811745443
2000-07-04,-28.5871279009,-9.23452986448,16.5433918924,-12.0549657925
2000-07-05,-28.6903153632,-9.79454397581,16.7837215403,-9.28714412274
2000-07-06,-29.5698443125,-9.21035515494,16.5298662432,-8.24741897217
2000-07-07,-30.9991026852,-8.36443386988,17.5577763111,-8.07551295204
2000-07-08,-29.619096207,-9.24026242698,16.5351107492,-7.89337342994
2000-07-09,-27.9435270455,-9.04754161979,14.982732662,-7.42211618356
2000-07-10,-27.7738470845,-9.93251284226,14.6802968293,-9.53734855829
2000-07-11,-26.7528125026,-10.1525486789,12.9094425982,-9.28812590975
2000-07-12,-26.7117522237,-10.3016102409,12.560406541,-11.0222159029
2000-07-13,-26.6451242212,-10.4068098,13.7330595525,-11.4586187258
2000-07-14,-27.6931736127,-10.150754213,12.8552035197,-11.5327421223
2000-07-15,-26.9526269908,-11.0337412044,12.4822234894,-13.1314390108
2000-07-16,-27.483152005,-12.2299048731,12.7194815764,-14.0238591703
2000-07-17,-28.4543009387,-11.8109607515,12.7739380409,-12.1399218865
2000-07-18,-27.6461316684,-10.2396957123,11.9386922112,-12.0009490355
2000-07-19,-27.5736491345,-9.89989922716,14.4817767566,-11.1309848216
2000-07-20,-27.3672173541,-9.45833343656,14.133627391,-11.8586564133
2000-07-21,-26.3781531977,-7.72733402364,13.6149529579,-12.1214304789
2000-07-22,-27.8711214473,-9.71720938933,14.0084176218,-10.8626777003
2000-07-23,-27.6203080591,-8.24334139762,15.2857045459,-11.822688926
2000-07-24,-29.1541028293,-8.05091223662,16.2849709732,-12.6469258129
2000-07-25,-28.3039418433,-6.01569496101,16.2847935327,-10.4697423971
2000-07-26,-28.4309618066,-3.86876516028,14.6484950877,-10.299155262
2000-07-27,-26.539339122,-4.07171437678,13.3017062615,-11.6333906727
2000-07-28,-27.7305909193,-5.0088397026,13.4084832862,-10.6221279902
2000-07-29,-26.6542760627,-6.65870041117,14.2679942693,-8.79337859982
2000-07-30,-27.5820524347,-5.38167191365,13.672224986,-8.3106487866
2000-07-31,-27.8788024232,-5.97284505139,14.1408188513,-8.80824201246
2000-08-01,-27.5842470208,-5.85756820704,12.5376329067,-9.65145408172
2000-08-02,-28.8572202165,-5.4566367536,12.3817708487,-10.0151695721
2000-08-03,-28.8264797108,-4.50678499839,12.3179683176,-8.96885811182
2000-08-04,-29.0387853741,-3.91471123744,12.1419499264,-7.86386011487
2000-08-05,-31.4786539539,-2.77764621225,11.0692243463,-6.01273228061
2000-08-06,-33.0786156916,-1.84052536765,11.8460159159,-5.03461698583
2000-08-07,-33.0999178253,-1.86306443382,12.3624509281,-4.27142111146
2000-08-08,-32.562266111,-2.78282295313,10.8781805461,-3.91339274327
2000-08-09,-31.3523232792,-3.52152363311,11.0451847324,-3.83469146835
2000-08-10,-31.594078712,-4.16230044248,9.72666159712,-4.25587671231
2000-08-11,-30.3423547182,-3.88554480864,9.50205769099,-3.68937176812
2000-08-12,-29.269353999,-2.89183023427,8.62267279327,-2.33467988636
2000-08-13,-28.9980961318,-3.98332190423,8.16132203165,-1.35324738156
2000-08-14,-28.8154951802,-4.56657980233,8.34337352555,-1.71959078765
2000-08-15,-29.2363616484,-5.9660689288,9.78352340439,-1.05672583959
2000-08-16,-28.1294034598,-4.80820012528,10.2715714017,-1.82705213191
2000-08-17,-28.3707513624,-5.05735626259,10.2275630035,0.011834728511
2000-08-18,-27.7511755654,-3.34674526927,11.0093967895,-1.59522991078
2000-08-19,-28.3993470968,-4.3649229236,11.0096818493,-0.574597010348
2000-08-20,-28.6251111019,-4.8469636802,12.3102869182,-1.39432544426
2000-08-21,-27.6500600331,-4.3039519532,12.6976905332,-0.230643750753
2000-08-22,-27.7951504079,-4.36743497046,12.0981466821,0.0401590787302
2000-08-23,-27.3761724534,-4.22649066027,14.2847288891,0.976373205611
2000-08-24,-28.2288900175,-4.03856638515,15.3281528894,1.73418612719
2000-08-25,-28.5197477125,-3.52155511977,15.9465556554,1.90725242526
2000-08-26,-29.1489016824,-3.46168493113,15.2624449135,1.93786727547
2000-08-27,-29.4712556683,-4.14847506485,14.728647671,2.63135228156
2000-08-28,-29.9537673606,-4.92643404554,15.6626499005,1.89556075501
2000-08-29,-28.989912758,-4.45622144425,16.538281768,2.55584826094
2000-08-30,-29.3962999333,-4.10774952978,16.0894397609,2.9274370701
2000-08-31,-29.4649068725,-4.68883502883,16.5806993534,3.76575794927
2000-09-01,-29.1583798515,-5.29887998715,17.599170201,3.67113339641
2000-09-02,-29.1127221636,-4.50748268433,17.412944545,3.07276135849
2000-09-03,-29.6653477099,-2.76874627732,17.3862762448,2.15789867926
2000-09-04,-29.7814516255,-2.62590048671,16.9976762258,2.09492794249
2000-09-05,-29.4979708599,-2.60778357798,17.3679607476,2.72033670081
2000-09-06,-29.4069829094,-4.46886692032,18.9980724019,4.82501154645
2000-09-07,-29.8933997484,-3.04084904654,19.6071944619,4.41163489722
2000-09-08,-30.1572045003,-3.87690726422,18.9198764978,3.01836068105
2000-09-09,-30.7977381471,-4.77610187631,19.5066280333,2.1511317612
2000-09-10,-31.1761499273,-5.95045950717,18.2605606542,3.66667309618
2000-09-11,-30.3105437672,-5.76415869572,17.5127007158,1.75437676324
2000-09-12,-31.0597732015,-4.98000841034,18.1196860894,0.483434100743
2000-09-13,-30.556891351,-4.67960262029,18.4022705053,0.907608283593
2000-09-14,-31.1125589981,-3.49203066106,18.9908334742,1.43770332702
2000-09-15,-31.442150231,-3.59830298032,18.6005489562,1.91331351764
2000-09-16,-31.0044146871,-3.73039287926,18.6518997215,3.99626300696
2000-09-17,-32.3357785201,-3.62377958314,19.2744437104,2.88598017681
2000-09-18,-32.3422777211,-2.98617956594,21.1981285689,2.1541032243
2000-09-19,-32.3071464288,-2.23354723021,20.3453380744,0.00967902624964
2000-09-20,-32.8057312508,-2.52158625011,20.3469107408,-1.18042739406
2000-09-21,-33.0145705775,-2.21628338326,18.0255801204,-1.18344933491
2000-09-22,-30.9304591004,-2.56564648281,19.2697739162,-2.04839490788
2000-09-23,-31.3261685059,-2.35323265073,19.5414751416,-1.85921276608
2000-09-24,-30.7728537986,-2.68772874581,17.9957495837,-2.36682745037
2000-09-25,-30.39494898,-2.42651641812,16.8423853883,-2.92177032697
2000-09-26,-31.0745615301,-3.79412142337,15.612426425,-4.08906094256
2000-09-27,-30.5283562799,-3.5762025458,16.3356436568,-5.83053878215
2000-09-28,-30.628740035,-4.82109229972,16.918735442,-7.50478100817
2000-09-29,-29.6326120467,-5.62305401655,16.871445156,-6.99473151423
2000-09-30,-30.6572630305,-4.83641712117,17.9843129877,-6.21848690134
2000-10-01,-31.7799640907,-4.66687182564,18.0384915331,-5.70812334167
2000-10-02,-30.9055330375,-4.70538935429,17.3313436733,-5.11068756061
2000-10-03,-29.9293180642,-2.52602124512,16.1439274275,-6.12271471384
2000-10-04,-30.1842869798,-3.20395102482,15.8461979132,-6.33650147643
2000-10-05,-31.8979221182,-3.19213089685,16.6661205722,-6.54923849857
2000-10-06,-30.5760164658,-3.20172194866,16.2291313517,-5.63049956951
2000-10-07,-31.323266091,-3.86611991392,16.6996202582,-4.96586323357
2000-10-08,-31.1715388407,-5.84356942146,16.5982905536,-4.62400409324
2000-10-09,-32.4010856163,-6.28526280908,16.3217894922,-5.34113196362
2000-10-10,-32.806548152,-5.70712412459,15.190122272,-5.73144891822
2000-10-11,-31.9960312458,-5.16946244706,15.8124054069,-6.2322505033
2000-10-12,-32.6850371259,-6.09977265796,15.3215217908,-6.43851558356
2000-10-13,-32.1804569595,-7.07666473108,15.9478255199,-5.87565669185
2000-10-14,-32.7404334532,-8.20049636718,16.3496104413,-6.18380455713
2000-10-15,-32.8259251649,-8.67665978195,15.7449644283,-6.05103478399
2000-10-16,-32.9318414376,-7.41530449272,16.7056810359,-5.81976150762
2000-10-17,-32.6216281017,-6.38350368958,17.3958984898,-5.6967417261
2000-10-18,-33.3881860026,-8.40091481938,15.8945767196,-6.12261680773
2000-10-19,-33.8334054963,-5.88354475597,14.152057574,-6.22081051098
2000-10-20,-34.6338872507,-5.6082008187,12.4979307494,-8.34632889437
2000-10-21,-34.4808721105,-7.11674680943,12.1485001986,-8.05578530898
2000-10-22,-34.6992785545,-8.02429136375,11.4140029478,-7.70267895236
2000-10-23,-34.8918131789,-7.18482306106,12.6544708158,-7.62503917512
2000-10-24,-35.3766803244,-7.53034326731,11.8480625308,-8.43539554628
2000-10-25,-35.6545352612,-9.90870808355,12.3276209701,-8.60584763266
2000-10-26,-33.6845286657,-11.0721975912,10.7462416312,-10.0975867373
2000-10-27,-34.0502041245,-11.7035410457,10.6151069415,-9.71187627926
2000-10-28,-33.0640327155,-13.5773024344,9.91410982054,-10.0042517242
2000-10-29,-32.6396176273,-13.0413828081,9.76355395753,-8.67279944212
2000-10-30,-34.1039669195,-14.0214493691,10.9116478949,-6.721528495
2000-10-31,-34.7794560384,-12.7992674807,10.047491347,-4.36661198472
2000-11-01,-33.2712284669,-12.7177624312,9.55880763419,-2.64870389824
2000-11-02,-34.5510098117,-13.1060949575,10.3276372895,-2.79419763721
2000-11-03,-35.3018136271,-11.6906893244,9.13814865208,-3.43588920943
2000-11-04,-35.2883297818,-11.6608739835,9.58587648984,-3.66881731268
2000-11-05,-35.6861674219,-10.5128495441,8.68143640139,-2.76678193592
2000-11-06,-35.7161543279,-10.6535539815,7.93102820937,-3.28689078473
2000-11-07,-35.9872836567,-10.434865847,8.23139419287,-4.53667258274
2000-11-08,-35.1148529593,-10.3366299222,7.39717032353,-5.37552862477
2000-11-09,-36.0798703912,-12.0436421179,4.48186316304,-7.78673968474
2000-11-10,-37.1199890839,-12.5870641576,3.17972408995,-9.96333531999
2000-11-11,-36.8259004337,-13.1513065668,2.95336391317,-11.0561423527
2000-11-12,-37.7290985611,-12.5187761626,2.59528144597,-9.36790985027
2000-11-13,-36.9586503842,-11.2223504594,3.31160376249,-9.97570804324
2000-11-14,-37.4855596915,-9.915469508,4.51781532719,-11.3691055326
2000-11-15,-37.801545527,-8.23348299242,4.53451054817,-8.75816305275
2000-11-16,-37.4426732503,-7.89386253652,3.40113778534,-8.41365259751
2000-11-17,-36.1123869716,-8.00518587587,3.93054629605,-7.93084875017
2000-11-18,-37.6181174733,-8.96608613031,3.06623810123,-8.19044562772
2000-11-19,-36.2070038481,-8.13060611559,3.11806927326,-8.6050120425
2000-11-20,-37.3763747824,-6.70368018214,3.28879811941,-10.4953244796
2000-11-21,-38.1256563049,-8.32860211198,2.0443448509,-10.1421892527
2000-11-22,-39.2870405107,-7.7178381117,2.7850199619,-10.5398715216
2000-11-23,-39.3742152173,-7.56703734275,1.65120806552,-10.825736111
2000-11-24,-40.4131837983,-7.72003417512,1.11190677917,-11.7764629568
2000-11-25,-39.4990483769,-7.42692898319,0.929878713255,-11.5086695454
2000-11-26,-38.1314178964,-7.36768544035,0.0340679565882,-9.99183027739
2000-11-27,-37.8075269131,-8.33021781514,-0.410945739255,-10.087741688
2000-11-28,-39.6703410868,-8.96541745322,0.505495573807,-10.2491861626
2000-11-29,-40.5453770943,-6.9646648108,0.454034760248,-9.88563542246
2000-11-30,-40.0224209557,-7.00348937838,-0.0808111015241,-9.94398065041
2000-12-01,-39.8531833622,-6.26106337372,2.33067220455,-10.2479693196
2000-12-02,-39.6429696564,-6.70215149744,0.800613537847,-9.70902824641
2000-12-03,-39.6686318143,-5.42513050248,0.676787016595,-8.966107153
2000-12-04,-39.8365583843,-5.0938243219,0.656168561896,-7.17211017765
2000-12-05,-39.1295862492,-5.69364871162,2.86704953094,-7.07124915862
2000-12-06,-38.2144894157,-5.55523319077,3.8668406084,-5.96854152843
2000-12-07,-38.7822090857,-6.18290473102,3.67934252023,-5.59569418793
2000-12-08,-39.6541180755,-7.93747356992,3.84099801775,-5.66402521475
2000-12-09,-40.3751547596,-8.61681554345,4.6873654911,-4.22997387425
2000-12-10,-41.0048226336,-10.4955329558,6.68260054143,-2.29338188235
2000-12-11,-39.2070389433,-11.6864502529,7.16944110546,-1.32811918051
2000-12-12,-37.1821393645,-12.4812392168,7.85674032595,-1.89509196542
2000-12-13,-37.4480996219,-10.7014082453,8.11107826971,-2.85698346923
2000-12-14,-36.8813074003,-10.0236977089,9.45438805591,-3.53790371587
2000-12-15,-37.6702233265,-11.2404642807,11.456494445,-3.28600831818
2000-12-16,-38.9125587449,-10.0032518034,10.8599678574,-2.43416213593
2000-12-17,-39.6759718304,-11.3916110772,10.9714064758,-3.10158168199
2000-12-18,-39.0526333038,-11.3875924511,10.9175309944,-3.52851432283
2000-12-19,-39.7049394572,-11.1117967761,9.27030273543,-3.61286934471
2000-12-20,-39.4839884371,-11.8751745391,10.3594943821,-2.88219950695
2000-12-21,-38.9577624591,-13.0995383631,9.42599248739,-3.27328392331
2000-12-22,-37.413647589,-13.5622426891,9.40876602013,-4.02038837402
2000-12-23,-36.4579989678,-12.9692802267,9.93201852274,-4.1926394368
2000-12-24,-34.2548594743,-13.1839256786,10.3025932428,-4.81327105804
2000-12-25,-32.6588969584,-14.0539875734,11.4599915086,-5.48201318637
2000-12-26,-31.0164233843,-12.678123208,11.8837879807,-6.47919567637
2000-12-27,-31.0795221661,-14.147518918,10.9253498003,-7.12173372406
2000-12-28,-31.9524881718,-14.5185850303,8.77534593079,-4.52971834132
2000-12-29,-32.5437377226,-14.8819567347,7.15974431843,-3.43731978213
2000-12-30,-31.0409908865,-14.4948416784,8.51929238284,-2.54135159721
2000-12-31,-32.8410362224,-14.7556969907,7.9696245014,-2.44133358542
2001-01-01,-31.7022853641,-16.4099845315,7.406483065,-1.40613432337
2001-01-02,-32.3799206488,-16.0875291034,9.03223142984,-1.4355499959
2001-01-03,-32.7294538137,-15.2111441748,10.178370569,-3.16495874902
2001-01-04,-31.7761406678,-14.5476050414,11.5977299329,-2.1700110721
2001-01-05,-32.0233573244,-13.3454720726,12.2976276106,-3.71962916461
2001-01-06,-32.3041201487,-14.1571405563,14.2847321037,-2.59604725519
2001-01-07,-33.0485740004,-13.8437680205,14.0372128376,-1.59061518768
2001-01-08,-32.4890902832,-14.3981985062,13.434970354,-2.18676975159
2001-01-09,-32.8762929111,-16.1972191143,12.5922216868,-3.66496942381
2001-01-10,-32.4427864062,-16.2709610864,12.6806087151,-3.92868444932
2001-01-11,-33.4027946107,-15.7775665678,13.0476076797,-4.49842162496
2001-01-12,-33.1754610303,-15.4481794747,12.8110194989,-2.87609475815
2001-01-13,-33.4441151763,-13.7743836629,11.6125456385,-1.49571806425
2001-01-14,-33.5685753346,-14.3266906727,11.2570117419,-3.02458653868
2001-01-15,-34.4560039527,-15.1655780258,12.3802634287,-3.89925894579
2001-01-16,-34.4232721794,-15.2639185528,13.450886885,-2.30196213355
2001-01-17,-34.5353239463,-14.7234937304,14.2181439973,-3.68934843315
2001-01-18,-34.046152899,-14.9621675517,15.384955179,-6.40535508252
2001-01-19,-34.922725655,-14.8559268816,14.4219872395,-6.59770107897
2001-01-20,-35.220324852,-16.1532518456,13.9600190654,-6.65183812124
2001-01-21,-35.1433477981,-17.5066346881,15.1897511611,-6.88187395198
2001-01-22,-35.7466294825,-17.718487598,16.6860573264,-5.98652123192
2001-01-23,-36.0164198692,-16.8919460552,14.6842844197,-6.1104862265
2001-01-24,-36.1985833454,-15.7988053314,12.7751792448,-5.36754784644
2001-01-25,-35.8887329036,-15.624579439,14.2707648492,-3.08178930323
2001-01-26,-35.2569204751,-15.9311265027,14.5927981081,-2.52332469961
2001-01-27,-34.0727998426,-18.2313393665,15.3582055807,-3.59510411165
2001-01-28,-32.9627123728,-17.2931926006,14.4322848888,-2.50841546302
2001-01-29,-33.7128563075,-17.6416245294,14.7921229788,-2.98577488825
2001-01-30,-33.6984519259,-17.7970023291,14.0322506227,-2.21824768072
2001-01-31,-32.9619199078,-18.5717575276,13.7652070282,-1.87601628212
2001-02-01,-32.9380045687,-17.732810088,14.2330452071,-1.29813965907
2001-02-02,-31.1326310484,-17.5389781614,11.7153600225,-2.25488301496
2001-02-03,-30.7395303305,-16.579867899,11.5517532181,-4.20035790925
2001-02-04,-31.567925701,-17.9046352208,12.3227295597,-4.00299672365
2001-02-05,-30.896679714,-17.6254494769,12.1082060903,-3.87344336221
2001-02-06,-30.6190196908,-16.2986880797,11.9609681627,-3.28916967271
2001-02-07,-31.710717054,-16.7972629126,10.8449646715,-2.46610449801
2001-02-08,-32.2586861361,-17.953702985,12.657445362,-2.30763240453
2001-02-09,-33.1847283511,-19.7562871849,13.460054244,-3.67203180993
2001-02-10,-33.4920574732,-19.7162085784,13.7876258691,-3.74233472281
2001-02-11,-33.0756865115,-19.7517113426,12.7399362551,-3.79642720974
2001-02-12,-33.3326420091,-19.363099544,12.1489621733,-2.01754809691
2001-02-13,-31.6474460568,-17.8058711753,10.748007328,-1.94365247225
2001-02-14,-30.5563964436,-16.8990605368,12.926335147,-1.22215189016
2001-02-15,-28.7453611131,-17.1763808572,13.550235805,-1.30845838502
2001-02-16,-28.4275881471,-17.0097600421,13.691631906,-2.42746495679
2001-02-17,-26.9319563103,-16.6155763172,14.7917757367,-3.01534310825
2001-02-18,-26.4433365526,-17.1021944343,13.3062240116,-3.08835721262
2001-02-19,-27.5671980403,-17.3695371228,12.8721347492,-4.435018907
2001-02-20,-28.7737249802,-15.5279586317,12.5157499529,-6.15244907509
2001-02-21,-29.3435112907,-17.3307629062,14.0109934951,-5.37685515812
2001-02-22,-29.6832889999,-16.6150447545,12.3019125419,-6.19275084071
2001-02-23,-29.1434448125,-16.0429319583,10.5204742706,-6.94124518059
2001-02-24,-29.2702912367,-16.2121899179,10.9604878969,-5.4094547145
2001-02-25,-29.0477894783,-17.462278771,10.1446528499,-6.68138121606
2001-02-26,-28.2864014344,-18.881679713,10.1788164311,-6.95867637792
2001-02-27,-27.9383153225,-20.6799589102,8.97080150611,-6.50777986847
2001-02-28,-25.1145614304,-22.2761694985,8.41994598408,-6.60500374151
2001-03-01,-27.3624370818,-21.888724814,7.92377105868,-7.56427015394
2001-03-02,-28.003909463,-23.7600919126,7.02865800418,-6.27267973236
2001-03-03,-27.6378514199,-23.4020392698,6.99213830609,-6.38312544132
2001-03-04,-27.6731489975,-23.4635283165,5.8776250584,-6.38158731472
2001-03-05,-27.9977499317,-23.6453483245,5.24150470289,-8.28080824725
2001-03-06,-27.3252227869,-23.3129448027,6.929207131,-7.88253520479
2001-03-07,-28.0905831742,-24.4332570769,6.37412094264,-7.53784326398
2001-03-08,-28.0583879447,-24.3573525837,5.66135114998,-6.79890837584
2001-03-09,-27.1612957802,-25.8434089333,7.01194121631,-8.20405896538
2001-03-10,-28.3037314221,-26.9318931111,7.5885132756,-8.14840339971
2001-03-11,-28.0558791968,-25.3720446932,7.00789779013,-7.91882826637
2001-03-12,-28.8213615449,-24.8248298936,6.46061162036,-8.14226140612
2001-03-13,-29.7815872768,-23.6750798489,4.6102290591,-7.19179482603
2001-03-14,-28.9961559489,-24.135347571,5.49252226158,-6.40648713761
2001-03-15,-28.8385463842,-25.3041314112,4.85049403252,-5.76631198666
2001-03-16,-27.7592804307,-25.3776305912,5.32207995586,-6.68140091196
2001-03-17,-28.2839928641,-25.5006266047,4.40405153214,-7.70446925444
2001-03-18,-28.9640388703,-25.1278241704,5.49681228933,-8.14459440742
2001-03-19,-28.3485871021,-26.4800898629,5.13114673881,-7.30350408623
2001-03-20,-26.4290505749,-26.7452920224,6.58446427161,-8.21780989077
2001-03-21,-26.9961678075,-25.8853961578,8.33535270002,-8.40589783829
2001-03-22,-27.8503877069,-24.8138234899,8.91104449355,-9.2390135631
2001-03-23,-27.2484629274,-24.0594231835,9.35263171526,-8.96911723114
2001-03-24,-27.2147058222,-24.2386394399,11.7304909126,-8.04134110631
2001-03-25,-27.3770029901,-24.9411780052,11.9692026719,-6.82904537086
2001-03-26,-28.8268546035,-25.9236376613,11.0068122281,-5.59230813835
2001-03-27,-30.4690880398,-26.063716409,10.1695140748,-5.1706551145
2001-03-28,-29.5579162651,-26.0369602806,8.52073235825,-5.69977720899
2001-03-29,-30.154506756,-27.2883596498,8.36814971669,-7.51445683258
2001-03-30,-28.6886139154,-26.1840677776,8.58883470603,-7.5831770868
2001-03-31,-28.523513105,-27.9212914794,7.3026492392,-8.21409542992
2001-04-01,-28.2983507517,-28.6035715282,7.48909422262,-6.37376396062
2001-04-02,-27.4584724073,-28.7489051871,6.48303563316,-8.57961662121
2001-04-03,-27.7069683573,-27.6911159407,3.78918431185,-6.73789005221
2001-04-04,-27.501923257,-27.860635805,4.41883675613,-6.84168155155
2001-04-05,-27.0794701232,-28.3463721096,4.84158936024,-6.71871059918
2001-04-06,-27.0213405857,-29.0195868332,3.66707719234,-6.9752346084
2001-04-07,-25.48800144,-29.4273974364,3.43220723593,-7.26999991341
2001-04-08,-27.0929890279,-31.3209744296,2.52707719053,-10.1141519522
2001-04-09,-26.7636436085,-31.6231136459,3.58127400147,-10.3328412376
2001-04-10,-26.2407597585,-31.5447573891,3.98766504098,-8.58593585034
2001-04-11,-26.40194376,-33.5528644832,5.0261364911,-9.58363024688
2001-04-12,-25.3322011086,-35.0096751141,4.97733748959,-10.7258650523
2001-04-13,-26.2088839579,-34.3849967225,5.5681713525,-10.2725485628
2001-04-14,-25.8053179428,-34.6312802474,5.80721623047,-11.4809865962
2001-04-15,-26.0371793796,-31.7930230932,5.77533135683,-10.9399583262
2001-04-16,-26.0195571708,-31.6717773777,3.52567275126,-13.2389767966
2001-04-17,-25.9786541248,-34.0678119474,3.12637675672,-14.4658069691
2001-04-18,-26.9454957685,-34.4965102924,3.75035716834,-14.6750709084
2001-04-19,-26.7272625952,-35.3863287406,4.91708550948,-14.5691642927
2001-04-20,-26.2510080946,-35.6700820005,5.15980920508,-16.100720957
2001-04-21,-26.135913864,-34.6478967422,5.49929410454,-16.8174006768
2001-04-22,-24.0212719745,-33.965318413,5.24870029693,-16.2983222776
2001-04-23,-23.2857600276,-33.8448029972,4.8208693383,-18.4454428103
2001-04-24,-25.3861279666,-34.4166814776,4.03231866714,-17.8715039336
2001-04-25,-25.8400213546,-32.8069125311,4.79167240664,-18.6450890111
2001-04-26,-24.7795183993,-32.618264843,4.6041617099,-17.860204703
2001-04-27,-24.3438733367,-32.3641531037,5.2921722342,-19.7449065002
2001-04-28,-24.0427266083,-32.5182344075,3.79522724683,-21.1414046127
2001-04-29,-24.6483454505,-34.1285668505,3.08598158116,-21.6023089204
2001-04-30,-25.4953380495,-35.1757661986,3.59015721347,-23.2472022723
2001-05-01,-26.8007641736,-34.9342614227,3.23190110349,-25.1343735423
2001-05-02,-25.7907432108,-33.4680455282,2.16147824377,-25.9307859363
2001-05-03,-24.0202243604,-32.7373781248,3.56191494391,-26.7434286603
2001-05-04,-24.5085072403,-33.778041511,2.60933535493,-26.6788905698
2001-05-05,-24.5977443254,-33.9735756771,4.13438407743,-27.0158122098
2001-05-06,-26.30058883,-34.9068986742,3.46952130744,-28.8587523583
2001-05-07,-27.1643526701,-34.9712896623,3.01830721464,-27.8728169022
2001-05-08,-26.5774576782,-35.5328360062,2.52866709021,-28.3241063516
2001-05-09,-27.077880856,-36.4548626061,4.32947060313,-27.6056379549
2001-05-10,-25.7410699329,-35.1152414977,4.01969347001,-27.5014576529
2001-05-11,-23.7424115984,-34.68690362,4.7814220862,-27.2426167293
2001-05-12,-23.3267783053,-34.1969263313,4.4976306852,-26.5373277974
2001-05-13,-22.8545818555,-34.0384694512,3.57332924789,-26.0604587997
2001-05-14,-23.9102627206,-36.1667970124,5.14173044801,-27.0210868935
2001-05-15,-22.8973190644,-35.5334781931,3.61359894803,-27.4841217736
2001-05-16,-23.7707422172,-34.5154372367,2.74326181175,-27.4988410686
2001-05-17,-22.2923295662,-35.5292720969,4.73449760107,-28.7023321262
2001-05-18,-21.2074772173,-34.9468394005,4.0263171929,-30.0346753176
2001-05-19,-21.6221287482,-32.2772505513,4.74483630987,-29.1160673975
2001-05-20,-22.3976438871,-30.9893662536,5.8648953673,-31.119570254
2001-05-21,-22.8698813045,-31.3610100699,5.36208884816,-31.3847194294
2001-05-22,-22.6248469959,-32.5651265453,6.75207312071,-30.360569149
2001-05-23,-22.2233265488,-33.0530637366,6.67828672987,-30.5067635825
2001-05-24,-22.9056085207,-33.4476919862,7.74851701968,-30.5223442112
2001-05-25,-22.3827767766,-34.2408688726,8.30026945476,-31.5028193152
2001-05-26,-22.1731125235,-35.0848835933,8.16479270634,-32.2273356914
2001-05-27,-21.8718338641,-36.5820021769,7.57947662133,-33.2409814226
2001-05-28,-22.2371085965,-38.334281734,8.05352772303,-33.3802114745
2001-05-29,-22.1655606917,-38.2953927939,8.53947183107,-33.5926073275
2001-05-30,-21.2890800699,-38.3361149108,10.1612429984,-34.9315669848
2001-05-31,-20.6214532734,-40.4632973158,8.9440910432,-35.4004647861
2001-06-01,-20.4824708635,-40.1497638206,7.81511588361,-33.8957411516
2001-06-02,-18.767528865,-39.6168943349,7.45720293248,-33.5913675242
2001-06-03,-20.1495042085,-39.0284154481,6.883831971,-34.1895974731
2001-06-04,-20.0898256242,-40.266008688,5.25432865819,-33.9551257984
2001-06-05,-20.9854428021,-40.8222811971,5.47045211154,-33.2744356759
2001-06-06,-20.2081631969,-40.0566365027,6.69236398695,-33.4898643324
2001-06-07,-21.8392004658,-40.0811610632,7.24623868207,-33.5736135543
2001-06-08,-21.0360851538,-40.591206872,6.12200518338,-32.6191420437
2001-06-09,-21.5473985561,-41.0819493101,6.67620377034,-32.41841842
2001-06-10,-21.5793212061,-40.3075824688,7.36426516479,-31.1473954101
2001-06-11,-23.5709003848,-40.431653722,6.45797577809,-31.6465287963
2001-06-12,-24.2265587832,-41.1084127167,6.3852016398,-31.1039702186
2001-06-13,-25.3999460722,-40.4168039279,7.24703680728,-31.3100410817
2001-06-14,-25.2448295561,-40.4681161982,6.54581572893,-32.0054369393
2001-06-15,-25.6935236703,-39.9327439787,6.01543164342,-33.2630466291
2001-06-16,-28.275087924,-39.7063077962,6.05125337876,-33.7069558142
2001-06-17,-29.7589023065,-37.2489187058,6.45596866777,-32.9328046068
2001-06-18,-30.1369440726,-37.0681179643,7.01444273629,-34.0916900111
2001-06-19,-29.637732905,-37.0422697797,7.20148338274,-33.4773550341
2001-06-20,-30.0329449349,-37.6153072202,7.53941103905,-34.8452418644
2001-06-21,-29.5794114997,-37.4315349185,5.19717821115,-34.3149845321
2001-06-22,-30.7159557982,-38.4776107641,4.9550268437,-35.2393966079
2001-06-23,-29.559436707,-40.1788417932,4.50529689835,-36.4631159106
2001-06-24,-29.4704426337,-38.6480541015,4.79053269333,-38.0841407138
2001-06-25,-29.8006844214,-39.6657733755,3.86337750758,-36.6643130976
2001-06-26,-29.5332176397,-39.5151098687,4.28842722844,-37.125925687
2001-06-27,-28.4971944514,-39.3576127078,2.75071893519,-36.3876111715
2001-06-28,-30.182019621,-41.1401349456,3.10920137018,-34.9365053309
2001-06-29,-31.3259118119,-39.0041796695,3.49597512729,-34.1489213689
2001-06-30,-31.9158969003,-39.9886770135,3.28631379985,-34.2615942196
2001-07-01,-33.0432543953,-41.9285136637,4.74048641704,-33.2404763247
2001-07-02,-33.6552980072,-41.2967696808,4.27856027931,-34.7906085116
2001-07-03,-34.2852270953,-40.5778370659,4.06981567451,-33.336311317
2001-07-04,-34.1277393509,-42.0600971868,5.58296751466,-34.5987529768
2001-07-05,-35.2112876774,-41.9459463175,6.51350164685,-34.6992287645
2001-07-06,-35.2834120304,-42.0496177757,6.47558804647,-34.8965624294
2001-07-07,-36.2314822893,-40.9854252809,7.507611099,-33.9144122369
2001-07-08,-36.9262541621,-41.0665334832,6.19450295658,-32.464304434
2001-07-09,-37.8586302995,-39.8048020441,6.66010664534,-31.7503169974
2001-07-10,-38.9368622663,-38.1898823497,8.34804255184,-31.0651120781
2001-07-11,-38.0625932235,-36.8032925318,8.49529413148,-31.053232387
2001-07-12,-37.2052448829,-35.7095681907,10.641092473,-30.1470602938
2001-07-13,-37.0229353862,-33.9857035475,10.7465601722,-30.8899321447
2001-07-14,-37.4794316189,-32.7171655854,9.36319686139,-31.1013034161
2001-07-15,-38.0130399765,-32.3318713766,9.76411501444,-29.7486392594
2001-07-16,-38.6293763466,-32.3585740954,9.52181556786,-29.4189329411
2001-07-17,-41.6015782622,-31.4630468022,10.3198370799,-30.4651966953
2001-07-18,-42.5810686518,-32.9800951869,10.4754278212,-30.9432086712
2001-07-19,-42.3724571871,-33.1488285617,8.50178415833,-30.4680330565
2001-07-20,-42.5973111436,-33.745718854,7.84108634777,-31.8715605101
2001-07-21,-41.7893058629,-34.3221206331,9.9499450403,-33.1804759106
2001-07-22,-41.2249569312,-34.1274205103,9.93102808561,-33.9671380579
2001-07-23,-42.0793360048,-34.649723454,10.2701243333,-35.2030815087
2001-07-24,-41.8367276132,-34.7525471354,8.32038799028,-34.8202086223
2001-07-25,-40.7939022714,-33.4776630679,8.29772034132,-34.7322721445
2001-07-26,-39.7008239252,-34.7710517014,7.3990632556,-36.5860630068
2001-07-27,-40.1602142459,-33.9543782653,5.96938459006,-37.1820182828
2001-07-28,-39.1256690886,-33.5098525527,7.787448092,-37.8547408792
2001-07-29,-38.900110485,-35.2662968861,6.79619724165,-38.3959342437
2001-07-30,-40.6249852184,-35.427144469,5.55856697736,-38.826722448
2001-07-31,-40.1688648613,-34.6856596267,5.42138089545,-39.6610307774
2001-08-01,-39.0706920345,-33.0285325259,4.95208144993,-37.6592329562
2001-08-02,-38.4196344941,-32.8511485843,4.6198764381,-38.3958829159
2001-08-03,-40.3958938749,-33.2472515869,4.82437177864,-37.8041259816
2001-08-04,-39.5765803067,-33.1411975539,6.72117455334,-36.7032723085
2001-08-05,-38.8221290489,-32.8822038117,5.60014401627,-36.0460329397
2001-08-06,-39.0434050111,-32.7144255302,4.73352586411,-36.75747555
2001-08-07,-40.3584147273,-33.8675193922,4.10247653934,-38.9539798259
2001-08-08,-41.8979458235,-32.3272553097,5.44256638135,-36.7643360312
2001-08-09,-41.5575119213,-32.888360156,4.83569886087,-37.2171852764
2001-08-10,-41.626040778,-31.8402622951,6.00846924801,-37.2808822929
2001-08-11,-40.115624022,-32.28896916,5.92467598188,-36.7212199298
2001-08-12,-38.9024731491,-31.9691601547,5.09697274219,-38.1293601344
2001-08-13,-37.2938143197,-32.2062426927,5.4657068456,-36.7636975249
2001-08-14,-35.9552989798,-32.8202458631,5.54003498009,-38.0197053409
2001-08-15,-36.5993552401,-31.8030820092,6.11585715133,-38.4581232602
2001-08-16,-38.0217066505,-32.0984301636,7.09076967835,-37.6585529508
2001-08-17,-39.4463876725,-33.4161989433,8.02976383354,-37.4555224534
2001-08-18,-39.188074899,-32.099492126,8.18023284799,-37.5282214376
2001-08-19,-39.6884485403,-34.1788752504,9.04046601884,-36.8476040337
2001-08-20,-38.1773368417,-34.5822611795,9.59080548656,-37.9197008079
2001-08-21,-37.7141170748,-35.0351393526,9.17611396465,-36.9732831938
2001-08-22,-36.806238988,-34.6518512853,9.69525979915,-38.8008415632
2001-08-23,-37.477556398,-33.9077601242,10.5882404876,-38.0600450706
2001-08-24,-37.1841831841,-34.1084480209,12.6381637489,-37.7736033441
2001-08-25,-37.3903226505,-33.7638309514,12.7889869578,-35.6953493063
2001-08-26,-38.7147784395,-32.5274494319,13.4413241344,-33.9475445543
2001-08-27,-38.4284471797,-32.923959522,15.3701112505,-35.0870514834
2001-08-28,-38.7599269856,-32.2681013834,14.1453032917,-35.2085342811
2001-08-29,-39.3872366178,-33.3441596127,13.6377299732,-35.963555706
2001-08-30,-39.023892618,-33.0577724428,12.9091515106,-35.6575054049
2001-08-31,-37.2088402228,-34.3364381705,11.1912836727,-34.5956753589
2001-09-01,-37.2100996569,-33.7547087404,11.2194368904,-35.2411401709
2001-09-02,-37.3343361552,-33.6287480815,11.4590242357,-34.7267961437
2001-09-03,-35.6017675937,-32.1047414746,11.2641540887,-35.1240802246
2001-09-04,-35.6757924877,-30.2645396785,13.1935633848,-35.5408806671
2001-09-05,-34.5844120156,-31.8057208401,12.3861279318,-36.0554516307
2001-09-06,-34.340297288,-33.6329410865,11.4319355227,-36.7406759029
2001-09-07,-34.8863735764,-34.1348376416,10.8278241733,-37.6679412444
2001-09-08,-35.990581688,-33.9269094653,10.2747405444,-37.2679168379
2001-09-09,-36.2968116886,-33.447169897,8.97655043487,-37.1477545659
2001-09-10,-36.4115026134,-33.3438294915,8.69596394931,-36.3032156217
2001-09-11,-36.2154946947,-33.3804243696,7.53086789743,-37.2649965659
2001-09-12,-36.2773279409,-31.2971284408,5.98296140821,-37.1863858305
2001-09-13,-36.2463251469,-32.1396990198,5.9552518118,-37.4521401901
2001-09-14,-35.3247901522,-32.0503390092,6.44493206254,-37.2907440808
2001-09-15,-35.9225370984,-32.2881343429,6.71953304528,-35.4811083743
2001-09-16,-35.6212750474,-32.28833626,7.92572527942,-35.838538365
2001-09-17,-36.2759483826,-31.8120755405,6.50493357814,-36.5780493544
2001-09-18,-35.4869133128,-31.5649383098,8.5572346391,-35.7070637332
2001-09-19,-35.4945044771,-32.4868683453,8.93179131911,-34.1831149026
2001-09-20,-36.0852164175,-31.9873895527,6.96266397042,-34.7859545124
2001-09-21,-36.5011458423,-34.3352592796,7.3701155447,-36.2068014583
2001-09-22,-36.0782593379,-35.5973685257,7.65539728341,-37.3530171558
2001-09-23,-36.9600439769,-34.9826236462,6.47715322218,-37.40254764
2001-09-24,-37.0999476866,-34.7170797334,5.56210317773,-36.6759803067
2001-09-25,-39.0743362593,-32.2306472727,5.37231846115,-38.0875932542
2001-09-26,-39.0596007083,-31.8721036521,5.87578544127,-39.0254263181
2001-09-27,-40.2551006855,-31.6098689558,5.94437933498,-37.5481023563
2001-09-28,-41.3012073626,-31.8482775749,7.48307985986,-36.6111024412
2001-09-29,-40.1570268017,-33.2312184516,7.53673370766,-35.9833403974
2001-09-30,-39.1518089273,-33.381186969,5.57666800984,-34.8152757551
2001-10-01,-39.0679455489,-33.0844093173,5.68462022612,-35.2779807133
2001-10-02,-38.4951481237,-33.7960549626,5.01196764941,-35.2547167499
2001-10-03,-38.6644147292,-32.7187509054,4.07513503724,-34.6538471288
2001-10-04,-37.3020266035,-33.4388134094,3.57837192141,-34.105775038
2001-10-05,-38.2301558651,-34.7154007448,3.85625557773,-34.1414088644
2001-10-06,-39.1573511779,-33.7866941646,3.33388581537,-35.1813988791
2001-10-07,-36.8772777985,-34.9463119936,2.07149804991,-36.1305175356
2001-10-08,-35.9463324002,-35.0376310745,1.68811777221,-35.5933555724
2001-10-09,-36.8869829446,-33.5821305146,0.834985637311,-37.0671704538
2001-10-10,-35.2639871064,-34.186367195,-0.241592581315,-36.6188847602
2001-10-11,-34.7202136097,-34.8408776647,-0.748571929576,-36.6562689292
2001-10-12,-33.7165387904,-34.6983752412,1.5819522368,-37.2261527619
2001-10-13,-32.7393884529,-33.6580582282,2.22893050838,-37.9875351051
2001-10-14,-34.2612768589,-34.0379569174,2.44346940824,-37.8563007316
2001-10-15,-34.8910516965,-34.1446264961,1.80982450983,-39.1602382838
2001-10-16,-33.6040659048,-34.4820137836,2.34919673613,-40.3313474322
2001-10-17,-34.0358518053,-34.7176198922,3.87313956282,-39.082527085
2001-10-18,-34.5671866483,-36.2144466152,4.60915899714,-38.5974369978
2001-10-19,-31.6094830164,-36.4221160277,5.03421812592,-38.6251261904
2001-10-20,-31.3521330382,-35.7012900243,5.41746479744,-37.8450913263
2001-10-21,-30.8983813415,-34.6758064772,6.81813286088,-36.8368361084
2001-10-22,-32.6040855135,-36.7073510436,6.35162015263,-38.5172018469
2001-10-23,-31.8423875004,-36.2003737859,5.15337581129,-38.7145584026
2001-10-24,-32.7920891117,-36.9848345405,4.96858172353,-37.8296455032
2001-10-25,-32.5863420224,-38.4582183529,6.82459570253,-37.6832135964
2001-10-26,-34.8520285194,-39.8292238288,6.54312913539,-37.5058562919
2001-10-27,-33.9263481027,-39.3170517177,7.91115043489,-39.589096438
2001-10-28,-33.1735401564,-39.0926098149,9.21409613607,-38.4000065859
2001-10-29,-33.7621197071,-40.1910369635,8.88754685466,-37.8248685752
2001-10-30,-35.2155617152,-39.5816720378,9.08706490827,-37.9083497809
2001-10-31,-35.9233058764,-40.7514433201,9.63762436587,-37.8184024722
2001-11-01,-37.2651872139,-41.2431297705,8.78378217908,-36.9915307921
2001-11-02,-36.645649349,-40.9232793263,9.4775505455,-36.2977035834
2001-11-03,-36.2205434699,-41.1454199747,10.7820981767,-36.417909829
2001-11-04,-37.3911180655,-41.0736269097,8.86908514466,-35.5282746601
2001-11-05,-37.2686971283,-40.8834880224,9.42779706598,-35.3563335973
2001-11-06,-36.437075054,-41.4657298146,8.52083631054,-35.224490633
2001-11-07,-34.8975068068,-40.3063295207,8.84697013769,-35.5051684014
2001-11-08,-34.7716133501,-41.2829181888,9.88422623627,-34.5136059671
2001-11-09,-34.6543073938,-40.6883834457,9.5545375474,-35.152307429
2001-11-10,-34.4126950385,-41.916560145,12.0137343461,-35.6271019488
2001-11-11,-33.1036594771,-43.633145088,13.0584928085,-35.2794655589
2001-11-12,-32.9761365769,-42.83930815,12.8506371034,-35.5472425245
2001-11-13,-34.7767256748,-42.6430467369,11.8175682089,-36.6029266008
2001-11-14,-32.5924766404,-42.8622775684,11.1984488507,-37.9147459117
2001-11-15,-33.8991193368,-42.5807052702,10.880990363,-38.0466078528
2001-11-16,-33.4757782422,-41.3643189927,10.4521098977,-36.7652488542
2001-11-17,-32.2133337856,-40.4976786319,10.9267284189,-36.4652029599
2001-11-18,-32.4740102282,-41.4092590429,11.8060496986,-35.3524900982
2001-11-19,-32.5917348495,-40.8608909028,11.8403629876,-34.8011628726
2001-11-20,-32.6694490322,-39.9048374783,12.2801078135,-35.3916851825
2001-11-21,-32.3375805675,-39.9874715185,10.2151195068,-35.1495841747
2001-11-22,-32.7970201612,-39.7703705793,10.5858626257,-36.3051833637
2001-11-23,-32.3606697002,-41.5118529218,9.91444447002,-35.8051621662
2001-11-24,-31.6171628479,-42.3249355665,11.8746195869,-35.5871349456
2001-11-25,-32.5010992036,-42.2580048149,10.6335486702,-34.8414894572
2001-11-26,-31.9083470002,-42.0598019238,10.1422130005,-34.9475278083
2001-11-27,-30.3294376483,-41.5008169689,8.42042395729,-34.8019094875
2001-11-28,-29.7102433268,-41.9001834125,9.10010783058,-34.4831500273
2001-11-29,-30.6778587097,-41.3983443182,8.34804918107,-33.9743200332
2001-11-30,-30.9967077689,-41.1209108846,7.93063104764,-33.6109322305
2001-12-01,-30.5118592485,-41.1444564077,7.94753610019,-34.4717522411
2001-12-02,-29.5442669833,-39.1272157346,9.11824684273,-34.0367550084
2001-12-03,-29.16435563,-38.9968075337,8.11820611713,-33.8393062732
2001-12-04,-28.0097127661,-40.2161572227,8.47329708549,-31.5066183447
2001-12-05,-28.7554140972,-38.966943764,9.86857144164,-31.4127196069
2001-12-06,-28.1406595292,-38.1407633172,9.14457622424,-31.115578901
2001-12-07,-28.6272933832,-37.2396412474,9.66288549857,-29.5403347064
2001-12-08,-30.6548990038,-37.2166828561,10.9077554979,-29.5158872192
2001-12-09,-29.5997584335,-37.0050471244,8.97476362228,-30.2815094766
2001-12-10,-28.2867650405,-36.6201167233,7.66435090277,-29.3534550002
2001-12-11,-30.2822233737,-36.3148777408,9.43625254399,-29.7188905928
2001-12-12,-29.7807961639,-36.4961975075,11.3545047879,-29.8847259207
2001-12-13,-30.5860853362,-36.9104923663,12.0134335842,-28.5186487079
2001-12-14,-29.6244053906,-37.9099904834,12.4808750301,-29.2919436494
2001-12-15,-29.3735206008,-38.8074076643,10.3227705655,-29.5872275236
2001-12-16,-29.1306567026,-38.8985152815,9.15098379976,-28.6178550651
2001-12-17,-27.9623970061,-38.1610347275,6.47182446475,-26.3140667792
2001-12-18,-28.773647387,-38.2151124825,5.69327630665,-25.2865317862
2001-12-19,-28.9788866565,-39.4543395722,6.68910033035,-25.9254515988
2001-12-20,-30.0817114525,-40.2275803301,7.00800849875,-24.4370655566
2001-12-21,-30.8333303217,-38.8064577725,9.77316061789,-24.7071209515
2001-12-22,-30.5344826241,-38.4467919655,10.1752105329,-23.8999234561
2001-12-23,-31.9032694401,-37.8255535486,9.58556261561,-23.984516577
2001-12-24,-32.0976698364,-37.4813501919,10.2564303485,-23.3279198436
2001-12-25,-32.2464941137,-37.2961577805,8.08721380773,-23.8533187068
2001-12-26,-32.1409939321,-37.494606433,7.12076250688,-24.7393584461
2001-12-27,-30.796378949,-38.1644666088,7.88414953547,-24.9109700497
2001-12-28,-30.8771600793,-37.2680619199,8.90644066837,-24.5509216331
2001-12-29,-30.0307304187,-38.220569963,9.81351524927,-23.2272771241
2001-12-30,-31.5948204951,-36.8169096295,9.51911920176,-23.4196357601
2001-12-31,-30.5959643725,-36.3666322504,9.29154398837,-24.7674538885
2002-01-01,-29.7306914229,-36.028738549,8.70989897918,-25.4746266216
2002-01-02,-30.2204784779,-35.2954934794,7.46306632399,-26.4502086527
2002-01-03,-31.0123775713,-35.5427034954,6.79698842623,-27.9929682891
2002-01-04,-31.1519959967,-35.697755362,6.48901970344,-27.6398281916
2002-01-05,-30.9712128975,-34.9638951178,6.3662397759,-27.3827412599
2002-01-06,-32.0015140601,-35.6647675586,6.8034358476,-29.5213029446
2002-01-07,-31.2629139319,-36.6968682314,8.70000386207,-30.4119461961
2002-01-08,-31.0346674425,-37.9965270579,6.32410946223,-28.2121112797
2002-01-09,-30.1777619733,-38.2152422271,6.50563446817,-29.6478612271
2002-01-10,-30.4774940864,-38.2316809426,8.47183674803,-28.4969411724
2002-01-11,-29.8830669986,-39.5110009269,7.71736015967,-28.8070926555
2002-01-12,-31.0401304139,-41.0549715829,8.09914217349,-29.1388290588
2002-01-13,-32.3852437719,-41.3764299433,8.32448723914,-28.6167209226
2002-01-14,-34.5581486636,-40.1510068314,8.64798713592,-28.9698014546
2002-01-15,-34.7177508073,-40.0571213388,8.15386128475,-29.3289199576
2002-01-16,-35.5828610106,-40.0135990628,9.77188652407,-28.5258190911
2002-01-17,-34.8263406169,-40.5739674534,10.7028660754,-28.3972853183
2002-01-18,-34.4752562516,-42.7134091161,10.4101280582,-27.9903809169
2002-01-19,-34.4140606514,-41.1831639143,10.0281579578,-29.8668827227
2002-01-20,-35.1435355474,-41.1194124436,9.81570126862,-29.517314808
2002-01-21,-33.1862744272,-40.8794114974,9.81984095007,-28.7503016452
2002-01-22,-33.0579296142,-40.8252763517,10.0513231578,-29.0699935354
2002-01-23,-33.7514686871,-41.1963999574,8.28796916291,-28.9674831267
2002-01-24,-34.8015526547,-41.6612748461,7.12253695403,-28.0917357617
2002-01-25,-35.5157412604,-42.9255099208,7.83072191466,-28.3504174974
2002-01-26,-36.3898222958,-43.7103220577,10.5947942753,-28.6363181699
2002-01-27,-36.7685954341,-43.0601588125,12.0358033313,-29.1292655621
2002-01-28,-36.5566397544,-44.0309753672,11.612850359,-27.1960806155
2002-01-29,-35.4467579796,-44.6729626573,11.2505576143,-27.5424578997
2002-01-30,-35.7327161178,-43.6206646715,11.2360792606,-26.6154421637
2002-01-31,-35.4431656652,-44.5169327395,10.2835314599,-25.9847332921
2002-02-01,-37.0605884485,-43.3317120159,9.51777590221,-26.2488777632
2002-02-02,-37.5444047231,-45.6691492649,10.1438518651,-26.9277368059
2002-02-03,-36.5312201267,-45.9971023621,8.58611022592,-24.268761154
2002-02-04,-36.8712950224,-47.2034917952,7.51507453911,-25.26915237
2002-02-05,-36.0280582085,-47.0840439718,8.45792916228,-26.0807448752
2002-02-06,-34.6215138802,-46.6197204531,9.08364655096,-25.2209167009
2002-02-07,-34.4478992214,-46.0047468047,9.45895874614,-24.5585287568
2002-02-08,-33.2082034539,-45.9403269847,8.41677652943,-24.5409306354
2002-02-09,-33.6842859059,-44.139686916,9.65374730637,-24.6994628149
2002-02-10,-33.1034467769,-42.6242037994,9.51822269911,-25.7079624892
2002-02-11,-33.4550582331,-43.7124400337,9.80179766193,-25.7356512106
2002-02-12,-34.4371895485,-44.26800807,9.12254127992,-25.6128031965
2002-02-13,-33.4977182902,-43.6053566004,8.46044454443,-25.6230799526
2002-02-14,-34.5050737906,-43.5223416087,7.98089481233,-25.3569142186
2002-02-15,-34.9870149801,-44.8406876216,7.26484408748,-25.5761619355
2002-02-16,-33.5055560363,-43.6649579714,8.44850098533,-25.0887249754
2002-02-17,-32.4353250402,-42.8283169006,8.15879108729,-25.047118137
2002-02-18,-32.544565582,-42.8282941179,8.70849605685,-25.5391511164
2002-02-19,-32.4992897325,-42.4561452275,7.8934405848,-27.3037317367
2002-02-20,-32.1717976613,-41.8579291821,7.72792028424,-28.2906385086
2002-02-21,-33.7183151061,-42.7326840566,8.15714122746,-27.0414697762
2002-02-22,-33.8301949483,-43.0049041743,7.11027236841,-26.4226463378
2002-02-23,-34.4840317262,-42.7515621864,7.10743609729,-26.2763793209
2002-02-24,-33.8991347946,-41.012251748,7.07047994702,-26.7308188193
2002-02-25,-34.4333677178,-40.4580222614,6.79715752685,-27.4124650939
2002-02-26,-32.2625189681,-40.4883011383,4.78416152085,-28.2738534796
2002-02-27,-30.0472474986,-38.9183304233,5.64278739515,-27.0430086956
2002-02-28,-30.1216632023,-39.8358361198,5.44605833683,-25.2380140133
2002-03-01,-30.3560097697,-38.7635174637,3.84029677738,-25.5581566244
2002-03-02,-30.012053506,-39.3220803764,5.2626005162,-26.1495342872
2002-03-03,-29.5597113407,-40.6343584811,5.09618736061,-26.2155843814
2002-03-04,-29.0730902881,-40.1072616898,4.77837534494,-27.3221454883
2002-03-05,-28.1827083119,-41.3809009977,3.72666031347,-28.1089348264
2002-03-06,-30.1337641902,-41.1927738743,3.07858276239,-27.5431337497
2002-03-07,-30.9694963588,-39.0726230097,2.82660602945,-28.7141115125
2002-03-08,-31.6265805184,-37.8443498297,2.83567467176,-27.3792015998
2002-03-09,-32.5865574924,-38.1909675032,4.59590441493,-25.0035780384
2002-03-10,-32.8035283435,-39.1928066417,4.64846294904,-25.4055326338
2002-03-11,-33.1508892121,-41.0574613396,3.00611854939,-24.41229541
2002-03-12,-32.5562844101,-41.8303333791,3.60581174709,-24.8277460147
2002-03-13,-32.8142721486,-42.348230653,2.73501680188,-24.5263943805
2002-03-14,-32.3425294241,-42.1516238639,1.19777533531,-26.1360013106
2002-03-15,-32.8659511752,-43.1655979538,-0.281627244558,-25.7775204068
2002-03-16,-32.2757850782,-42.1794787583,2.93888882505,-26.71126081
2002-03-17,-32.4615251682,-43.4572339992,3.16276382199,-26.2683045155
2002-03-18,-33.2714578608,-43.505076493,2.79645639766,-26.447617874
2002-03-19,-33.3130130617,-43.9692347101,2.61364335453,-27.3660062018
2002-03-20,-33.2789814344,-45.4572539808,1.94933988724,-27.2649297705
2002-03-21,-33.8190139648,-44.8756636292,1.13304022135,-25.1878229738
2002-03-22,-34.344460279,-44.8176451705,0.436974655064,-25.0211865934
2002-03-23,-33.5962316049,-45.7574533589,0.246224102129,-25.1030731365
2002-03-24,-33.8690390789,-45.4047142839,-0.10243595693,-24.3478720753
2002-03-25,-34.280650112,-44.7779308204,-0.0168678537693,-26.1393943635
2002-03-26,-34.2385913148,-44.1506863734,-0.423443961134,-25.645185046
2002-03-27,-35.4254480514,-42.2412938564,-0.574384616517,-23.9562077554
2002-03-28,-33.5925017205,-41.3176976678,-1.86787256696,-24.1826136014
2002-03-29,-34.1357915937,-41.242679958,-4.06789409735,-24.0473517522
2002-03-30,-35.6255413319,-40.8163933384,-3.91345395248,-23.1154144047
2002-03-31,-36.7188337117,-41.0179457865,-3.84815592363,-23.4778694037
2002-04-01,-36.3441343357,-41.3402875111,-3.61252129739,-22.7345103896
2002-04-02,-35.5655586311,-39.6890384387,-2.48761963738,-24.1249541966
2002-04-03,-35.9160125936,-39.9682724889,-2.94742482364,-24.3772517999
2002-04-04,-34.929241726,-40.5896139463,-4.27251847595,-23.8811657909
2002-04-05,-34.5703172035,-39.8234979903,-4.07775785722,-22.8364333768
2002-04-06,-33.7420758,-39.4798313833,-3.40299434253,-23.7308135619
2002-04-07,-32.2947495972,-40.29921139,-3.58526429352,-23.7078591213
2002-04-08,-33.6527304386,-39.9791810309,-5.43261834109,-24.7633279226
2002-04-09,-34.9975673803,-38.7818798349,-6.13273572247,-25.0501954592
2002-04-10,-36.1189946587,-39.7831309246,-6.9884188962,-23.5158632966
2002-04-11,-34.5914407657,-41.9187084538,-7.3053719476,-22.2981656709
2002-04-12,-35.2159414005,-42.0853917199,-8.00271535101,-22.6253321089
2002-04-13,-34.3240458111,-41.7303125538,-5.51313570716,-21.2732094467
2002-04-14,-34.2379126543,-39.8721050904,-5.63457438267,-23.0158477878
2002-04-15,-36.0436091626,-42.6296941603,-6.39997709535,-24.6169582843
2002-04-16,-35.7533140996,-42.8798752441,-5.91536022375,-26.5908860969
2002-04-17,-34.8909777073,-42.5508742913,-7.09022567603,-27.3932063857
2002-04-18,-32.6288226212,-42.031818325,-7.90878456155,-26.0921824203
2002-04-19,-33.1694765514,-42.5036271065,-6.90548371129,-26.0908943096
2002-04-20,-32.3416946781,-42.4495013784,-7.35971540453,-26.2340110732
2002-04-21,-32.9321704954,-40.9559296601,-8.65718714807,-27.2046318775
2002-04-22,-32.3152568605,-42.5880491171,-8.982245754,-30.6954633193
2002-04-23,-32.2137804806,-42.400719984,-8.0499594916,-30.1642311763
2002-04-24,-31.5841263622,-44.7302900581,-6.99331087648,-29.3015791791
2002-04-25,-29.6277437606,-45.0082880235,-9.0838214267,-29.4535293763
2002-04-26,-31.2123588487,-45.7867608811,-9.87653918151,-30.4140815284
2002-04-27,-30.9289420241,-47.5648538607,-8.69995299781,-30.4517866943
2002-04-28,-31.0589654717,-47.6375452932,-8.39854203083,-29.5387843111
2002-04-29,-31.5168357754,-45.9360672633,-8.72308666975,-29.8566148593
2002-04-30,-30.5968476985,-46.4173780387,-9.69971361675,-29.3540797275
2002-05-01,-31.2457344677,-47.2590017275,-9.0326363041,-27.6739850169
2002-05-02,-30.2668486483,-46.3092611182,-9.04295428407,-25.7482790803
2002-05-03,-29.0183007472,-45.652466128,-7.98415056561,-26.6775916581
2002-05-04,-29.0637545303,-43.6101834051,-6.87985346622,-25.5618702112
2002-05-05,-28.7655302997,-46.4700682102,-7.886030619,-25.2354715201
2002-05-06,-27.876042805,-48.087694863,-5.77264185183,-27.8099683833
2002-05-07,-27.1397932445,-50.5755328289,-4.35937015613,-28.4656778591
2002-05-08,-28.0828647508,-49.7940354022,-4.19520092901,-29.650199134
2002-05-09,-28.4190521434,-49.3214278561,-4.2003231985,-27.5716103141
2002-05-10,-27.6111259317,-49.6198738177,-4.14902518362,-27.057101823
2002-05-11,-28.4265971907,-49.201563165,-2.23624881728,-26.3632379787
2002-05-12,-27.8000951994,-49.4100910007,-1.8407651458,-27.1832141514
2002-05-13,-28.7321077053,-50.1849426352,-0.40966580352,-27.6144064217
2002-05-14,-29.372106285,-51.5016445216,-1.64782093747,-28.2768801068
2002-05-15,-28.0826554099,-52.2152051496,-0.810719769324,-28.9631845686
2002-05-16,-25.8303333092,-53.4092719938,-2.1093309759,-28.5933104301
2002-05-17,-25.9176912156,-53.3614358474,-2.32804921911,-29.2369437302
2002-05-18,-26.5270794024,-52.9251523535,-1.26854094853,-28.8971270642
2002-05-19,-27.2877919793,-53.0279064565,-1.38706671453,-29.0936269781
2002-05-20,-27.6360236679,-52.6342076799,-1.37403802072,-28.6324464596
2002-05-21,-26.9975611552,-53.5408270666,-1.0634946818,-28.1664437446
2002-05-22,-27.7793351476,-52.9536052694,-1.24785850564,-28.0734390125
2002-05-23,-27.1489617782,-51.4194594828,-0.712841677322,-28.7527422631
2002-05-24,-27.5915218515,-52.7270479587,-1.08556446142,-29.0513636181
2002-05-25,-28.104402196,-51.9424594553,-1.13172802441,-28.7115281068
2002-05-26,-29.3515767147,-51.3036826288,-1.6841407274,-29.0169332396
2002-05-27,-29.1847599967,-52.5455922167,-2.84002538016,-29.9646953634
2002-05-28,-29.0269720113,-50.7598777327,-2.42166456053,-30.1627757373
2002-05-29,-28.6233345747,-48.3628177249,-3.14255731998,-28.7771224691
2002-05-30,-27.0189134864,-46.4343953604,-0.994604376604,-26.8053294436
2002-05-31,-26.6578853185,-47.7830130319,-1.87891324687,-25.6659674093
2002-06-01,-25.5116209168,-48.2210177444,-1.04534722555,-25.2589344528
2002-06-02,-26.6835160326,-48.6870612842,-1.9066246782,-26.7762973101
2002-06-03,-28.093996396,-49.3515337505,-0.23323591844,-26.3989431371
2002-06-04,-29.7665404822,-49.6438854036,-1.16222000825,-26.203441116
2002-06-05,-28.5920365407,-49.4080516906,-1.122535194,-27.1816442878
2002-06-06,-29.1476297735,-48.518928331,-2.13639599598,-27.1411279156
2002-06-07,-28.6061696737,-47.2386283934,-1.84092545133,-26.5137595855
2002-06-08,-30.9560065463,-46.396081843,-2.17339084484,-27.4390337479
2002-06-09,-31.923988732,-46.8333392272,-2.38865471582,-26.3083918561
2002-06-10,-30.7431686096,-47.1350755572,-2.15269418938,-28.2516021166
2002-06-11,-29.9360016768,-46.7250067806,-4.31197057306,-28.2064495553
2002-06-12,-29.4973998756,-47.7764697713,-3.41232999675,-28.3066019416
2002-06-13,-29.1340705576,-46.5078576361,-5.32281267385,-27.5470613498
2002-06-14,-26.9272602635,-46.7447855514,-5.93890058466,-27.8646624855
2002-06-15,-26.4504866424,-46.5390132305,-6.53851840968,-27.8771737518
2002-06-16,-25.0094241469,-45.4047422988,-5.13939423145,-27.8936114475
2002-06-17,-24.340577476,-43.5822622931,-6.36079993197,-29.557817621
2002-06-18,-25.8706411871,-43.9119651536,-6.71378735064,-29.732057855
2002-06-19,-26.816968677,-42.8940348052,-8.44883159526,-31.2708098802
2002-06-20,-28.1822339754,-42.5122022476,-8.11820246843,-31.1389577556
2002-06-21,-27.4717445621,-41.3399495734,-9.49365464625,-30.0893825515
2002-06-22,-27.8752713107,-41.4623086812,-10.0865545921,-28.8384770981
2002-06-23,-27.8775092259,-41.0670338078,-13.3220867977,-29.9937413049
2002-06-24,-26.7416114285,-40.4031399657,-11.9548882626,-29.0903251811
2002-06-25,-27.6012809889,-39.7539262495,-12.8829981688,-29.5250027274
2002-06-26,-28.1107538386,-40.7746137439,-13.7331862032,-28.9903104604
2002-06-27,-27.912187948,-41.3007334718,-14.3801010571,-29.4903576589
2002-06-28,-28.6477339393,-42.3851893276,-13.9633989614,-30.770826156
2002-06-29,-29.5800198853,-42.6969876351,-13.7794070966,-29.562571066
2002-06-30,-31.1016362159,-41.6462209404,-14.1063180874,-27.8011517551
2002-07-01,-32.2140573343,-41.1201870614,-14.1593375496,-28.3601420069
2002-07-02,-33.5069770493,-42.3480344941,-15.1418441139,-29.6606962059
2002-07-03,-33.0997392232,-42.0741983915,-15.4439188079,-28.9359490461
2002-07-04,-33.2754374126,-41.7114193235,-13.7752292713,-29.5109230526
2002-07-05,-32.9052664186,-42.5689288804,-13.0574798246,-28.9222627339
2002-07-06,-31.6856539144,-41.8002790695,-10.6311264958,-28.4910953227
2002-07-07,-32.4286857717,-42.9784285498,-9.92259539033,-28.2539765934
2002-07-08,-32.7088680338,-43.3572892271,-9.82318557577,-28.5811227596
2002-07-09,-34.1832209862,-44.4959037369,-10.0799382389,-28.288709406
2002-07-10,-35.2199955268,-46.3910128833,-11.4182429376,-27.5160844729
2002-07-11,-35.4149269634,-46.3209231135,-10.0785934403,-28.270017891
2002-07-12,-36.0790636683,-46.2437244193,-9.23036071296,-28.7160835724
2002-07-13,-37.2332171262,-47.7665199108,-8.23645817691,-28.6577933928
2002-07-14,-38.3696082337,-47.5989317709,-7.85313299336,-28.6762846256
2002-07-15,-38.3481062988,-47.5727138301,-6.77339796449,-27.8675097424
2002-07-16,-37.6818158254,-45.9504074456,-7.76647141886,-30.08158803
2002-07-17,-38.6728491268,-45.7830037159,-4.85600579806,-29.2992141719
2002-07-18,-39.2674618221,-45.3728947618,-5.41742776781,-27.6385812298
2002-07-19,-38.212504654,-44.0165459683,-6.71030221,-27.3827859241
2002-07-20,-38.4947172297,-44.7365586599,-5.63314022864,-28.926656132
2002-07-21,-38.531205629,-46.052862688,-5.90746992039,-26.5118553902
2002-07-22,-41.1905516679,-45.3855045584,-6.01500384177,-27.3775150424
2002-07-23,-43.1945140869,-44.8939148188,-4.62393811115,-27.7299708415
2002-07-24,-43.5471221902,-43.9105760213,-3.2264410809,-27.5156312757
2002-07-25,-43.3675899279,-44.2296155326,-2.95974363214,-27.2753525915
2002-07-26,-43.8889251839,-42.9728678758,-2.43954374385,-26.6421015252
2002-07-27,-43.3176254225,-43.8174654578,-3.00431887176,-25.9025768974
2002-07-28,-43.8670084837,-43.980353967,-3.16435928879,-26.3468734036
2002-07-29,-43.8046785579,-45.5312621488,-2.45294346408,-27.5980423456
2002-07-30,-44.0610368697,-46.2171638933,-1.58558038737,-25.0722859184
2002-07-31,-45.0231811293,-46.2820922223,-4.31863833341,-24.6581475752
2002-08-01,-44.792801086,-46.7925902975,-5.35979680378,-24.8310219125
2002-08-02,-44.4749421737,-47.6667793782,-6.13312435349,-24.8515255429
2002-08-03,-43.4799171259,-48.8535158661,-4.5799223699,-25.3095667695
2002-08-04,-42.0091345808,-48.5684462771,-6.22517155034,-26.349227589
2002-08-05,-41.5932099406,-50.0207197219,-6.85333510309,-25.8955400771
2002-08-06,-40.8482785653,-50.0638198291,-6.72834593406,-26.1439802054
2002-08-07,-40.8759452188,-50.1690310795,-5.19515313367,-25.9460177375
2002-08-08,-41.4477342318,-52.3180374328,-6.15063253165,-25.8562662984
2002-08-09,-44.7687707611,-51.3614820937,-8.11525286942,-27.2992859287
2002-08-10,-48.1017813369,-50.4421467958,-7.28236986861,-25.6363417679
2002-08-11,-47.6394711328,-51.039700253,-8.56657936176,-27.2714604016
2002-08-12,-47.1270625507,-50.698533925,-7.81427743935,-25.9063666455
2002-08-13,-46.9295587902,-51.7689933312,-8.25210863844,-25.3962017913
2002-08-14,-47.2772724074,-49.4807869781,-7.59275024306,-26.4458054428
2002-08-15,-46.6353517955,-48.839855928,-8.16974123215,-27.3429773142
2002-08-16,-46.8171192859,-48.3701230037,-8.44800156016,-28.3658426282
2002-08-17,-45.3438314629,-48.0568873133,-8.49291412344,-27.7656981682
2002-08-18,-45.8308219773,-50.2518539282,-9.31460597624,-27.4327608043
2002-08-19,-44.8988488228,-48.4636391533,-8.5146992358,-25.6596623205
2002-08-20,-46.9339798175,-48.4885926017,-7.21506123567,-27.0553655621
2002-08-21,-47.1631300127,-47.1287415696,-8.72839992455,-27.5415919931
2002-08-22,-44.6361480557,-47.1249337095,-9.9784090353,-26.674870269
2002-08-23,-43.3573175848,-47.4667517932,-10.5897633445,-26.7979549288
2002-08-24,-43.2471583198,-46.7765088599,-11.5231187208,-25.5094459034
2002-08-25,-43.4764385757,-46.4207602636,-10.453679977,-26.3748361818
2002-08-26,-44.085506948,-46.4261346595,-9.1824089214,-26.617795526
2002-08-27,-43.1601047681,-45.736577401,-7.75822732025,-26.8815346901
2002-08-28,-43.5143008792,-43.6796899175,-7.32899948488,-27.8252118938
2002-08-29,-43.6212359172,-42.3548901231,-5.64638925917,-30.0146285711
2002-08-30,-43.5983779741,-40.553453252,-5.54288880128,-30.6366898089
2002-08-31,-45.0865001175,-40.6567205095,-6.34213825481,-31.7550886788
2002-09-01,-45.4872064584,-42.0260732258,-6.27760766319,-32.8509143016
2002-09-02,-46.52490459,-43.0267032382,-6.97618779495,-33.4619351449
2002-09-03,-46.6330017582,-42.3241634173,-7.25000919817,-33.7639586749
2002-09-04,-46.1481591814,-42.9213162698,-6.40051510058,-35.0427679316
2002-09-05,-43.2672675859,-43.2785557426,-5.61561892288,-33.5938956983
2002-09-06,-43.8010175447,-41.7850791696,-7.06974511888,-33.5800516571
2002-09-07,-42.8892576531,-41.8183238911,-7.02381726937,-33.9914141526
2002-09-08,-42.6490113828,-41.1586919759,-6.20767010749,-33.6697326898
2002-09-09,-43.5153207785,-39.4291335886,-6.00712688814,-33.465199634
2002-09-10,-43.0627492737,-39.9070367093,-5.18638435279,-34.3876230764
2002-09-11,-42.0581600085,-39.7283716082,-6.01010134595,-33.944124181
2002-09-12,-41.2548554889,-41.0393677991,-5.93537331019,-33.6688934566
2002-09-13,-41.4874609635,-40.9476699711,-4.72803282697,-33.3400208319
2002-09-14,-43.1117769857,-41.5217815696,-3.04851224821,-33.5588903409
2002-09-15,-42.2841938508,-41.5441345088,-2.27134199387,-33.452578564
2002-09-16,-44.4076578299,-41.7881405245,-1.98770992965,-34.3233466905
2002-09-17,-42.710046604,-41.2427617224,-0.249734689986,-33.5638779535
2002-09-18,-42.7734753631,-41.7644400404,-0.677979102682,-35.0194808309
2002-09-19,-44.0396374449,-39.4180979869,-0.893130650758,-33.8074260606
2002-09-20,-44.6912334751,-41.6117999544,0.171832655184,-34.3823245707
2002-09-21,-44.7949685463,-40.5760011365,1.87790630733,-34.168606994
2002-09-22,-44.4153689077,-40.520311453,1.08631864638,-33.4770177581
2002-09-23,-45.7013121382,-42.1417532985,1.57938262652,-34.8163413595
2002-09-24,-44.253965521,-42.4572487441,1.55667940726,-34.4086375504
2002-09-25,-41.998032397,-43.5088179443,1.27372523994,-34.1602284124
2002-09-26,-41.2352898998,-43.2679741772,2.52259838136,-34.7903928948
